Job ID,Location ID,Title,Final URL,Image URL,Category,Description,Salary,Address
72fd0b8a75,Amstelveen,Psychiater kliniek high care,https://werkenbij.ggzingeest.nl/vacatures/psychiater-kliniek-amstelmere/,https://cdn.diffuse.nl/werkenbijggzingeest/uploads/2024/06/GGZ-in-Geest-Campagne-178-scaled-e1718537941763.jpg,Psychiater,,"€ 10722,-
    / € 10722,- bruto p.m.","Amstelveen, Nederland"
6664e48add,Amstelveen,Psychiater polikliniek psychosomatiek,https://werkenbij.ggzingeest.nl/vacatures/psychiater-polikliniek-psychosomatiek-1/,https://cdn.diffuse.nl/werkenbijggzingeest/uploads/2024/06/GGZ-in-Geest-Campagne-178-scaled-e1718537941763.jpg,Psychiater,,"€ ,-
    € 10722,- bruto p.m.","Amstelveen, Nederland"
255db4c772,Amsterdam,Klinisch psycholoog FACT Slotervaart,https://werkenbij.ggzingeest.nl/vacatures/klinisch-psycholoog-fact-slotervaart/,https://cdn.diffuse.nl/werkenbijggzingeest/uploads/2024/06/GGZ-in-Geest-Campagne-178-scaled-e1718537941763.jpg,Psycholoog,,"€ 7454,-
    / € 9234,- bruto p.m.","Amsterdam, Nederland"
04721adbf1,Haarlem,Gz-psycholoog polikliniek angst & depressie,https://werkenbij.ggzingeest.nl/vacatures/gz-psycholoog-polikliniek-angst-depressie/,https://cdn.diffuse.nl/werkenbijggzingeest/uploads/2024/06/GGZ-in-Geest-Campagne-178-scaled-e1718537941763.jpg,Psycholoog,,"€ 5686,-
    / € 6569,- bruto p.m.","Haarlem, Nederland"
f83884d152,Haarlem,Psychiater kortdurende Basis GGZ & HoPe,https://werkenbij.ggzingeest.nl/vacatures/psychiater-kortdurende-basis-ggz-hope/,https://cdn.diffuse.nl/werkenbijggzingeest/uploads/2024/06/GGZ-in-Geest-Campagne-178-scaled-e1718537941763.jpg,Psychiater,,"€ ,-
    € 10722,- bruto p.m.","Haarlem, Nederland"
c9648c4fd3,Regio Amsterdam-Amstelland en Zuid-Kennemerland,Culinair coach,https://werkenbij.ggzingeest.nl/vacatures/culinair-coach/,https://cdn.diffuse.nl/werkenbijggzingeest/uploads/2024/06/GGZ-in-Geest-Campagne-178-scaled-e1718537941763.jpg,Zorg,,"€ 2742,-
    / € 3719,- bruto p.m.","Regio Amsterdam-Amstelland en Zuid-Kennemerland, Nederland"
0158f90bc2,Amsterdam,Verzorgende IG kliniek ouderen amsterdam,https://werkenbij.ggzingeest.nl/vacatures/verzorgende-ig-kliniek-ouderen-amsterdam/,https://cdn.diffuse.nl/werkenbijggzingeest/uploads/2024/06/GGZ-in-Geest-Campagne-178-scaled-e1718537941763.jpg,Zorg,,"€ 2532,-
    / € 3719,- bruto p.m.","Amsterdam, Nederland"
83b76d3af3,Amsterdam,Psychotherapeut of klinisch psycholoog polikliniek bipolaire stoornissen (TOPGGz),https://werkenbij.ggzingeest.nl/vacatures/psychotherapeut-of-klinisch-psycholoog-polikliniek-bipolaire-stoornissen-topggz/,https://cdn.diffuse.nl/werkenbijggzingeest/uploads/2024/06/GGZ-in-Geest-Campagne-178-scaled-e1718537941763.jpg,Psycholoog,,"€ 6988,-
    / € 9234,- bruto p.m.","Amsterdam, Nederland"
4d8a975b3b,Amstelveen,Casemanager FACT Amstelland,https://werkenbij.ggzingeest.nl/vacatures/casemanager-fact-amstelland-1/,https://cdn.diffuse.nl/werkenbijggzingeest/uploads/2024/06/GGZ-in-Geest-Campagne-178-scaled-e1718537941763.jpg,Zorg,,"€ 3231,-
    / € 5027,- bruto p.m.","Amstelveen, Nederland"
9e02cdf5f9,Haarlem,Basisarts High Intensive Care,https://werkenbij.ggzingeest.nl/vacatures/basisarts-high-intensive-care-2-5/,https://cdn.diffuse.nl/werkenbijggzingeest/uploads/2024/06/GGZ-in-Geest-Campagne-178-scaled-e1718537941763.jpg,Arts,,"€ 4315,-
    / € 6569,- bruto p.m.","Haarlem, Nederland"
2c93be037b,Amsterdam,Verpleegkundig specialist HoPE Slotervaart (basis GGZ),https://werkenbij.ggzingeest.nl/vacatures/verpleegkundig-specialist-hope-slotervaart-basis-ggz/,https://cdn.diffuse.nl/werkenbijggzingeest/uploads/2024/06/GGZ-in-Geest-Campagne-178-scaled-e1718537941763.jpg,Specialist,,"€ 5360,-
    / € 6569,- bruto p.m.","Amsterdam, Nederland"
48e012b584,Regio Amsterdam-Amstelland en Zuid-Kennemerland,GZ-psycholoog VIP en EDIT,https://werkenbij.ggzingeest.nl/vacatures/gz-psycholoog-vip-en-edit/,https://cdn.diffuse.nl/werkenbijggzingeest/uploads/2024/06/GGZ-in-Geest-Campagne-178-scaled-e1718537941763.jpg,Psycholoog,,"€ 5686,-
    / € 6569,- bruto p.m.","Regio Amsterdam-Amstelland en Zuid-Kennemerland, Nederland"
9e6c630b2f,Amsterdam,Ambulant verpleegkundige/begeleider FACT Ouderen Amsterdam Zuid,https://werkenbij.ggzingeest.nl/vacatures/ambulant-verpleegkundigebegeleider-fact-ouderen-amsterdam-zuid-1/,https://cdn.diffuse.nl/werkenbijggzingeest/uploads/2024/06/GGZ-in-Geest-Campagne-178-scaled-e1718537941763.jpg,Verpleegkundige,,"€ 3231,-
    / € 5027,- bruto p.m.","Amsterdam, Nederland"
fddf0ea7eb,Bennebroek,Verpleegkundige III Vervolgkliniek Gesloten (nieuw team!),https://werkenbij.ggzingeest.nl/vacatures/verpleegkundige-iii-vervolgkliniek-gesloten-nieuw-team/,https://cdn.diffuse.nl/werkenbijggzingeest/uploads/2024/06/GGZ-in-Geest-Campagne-178-scaled-e1718537941763.jpg,Verpleegkundige,,"€ 2885,-
    / € 4478,- bruto p.m.","Bennebroek, Nederland"
e71e49a2c1,Haarlem,Gz-psycholoog polikliniek persoonlijkheidsstoornissen en complex trauma,https://werkenbij.ggzingeest.nl/vacatures/gz-psycholoog-polikliniek-persoonlijkheidsstoornissen-complex-trauma/,https://cdn.diffuse.nl/werkenbijggzingeest/uploads/2024/06/GGZ-in-Geest-Campagne-178-scaled-e1718537941763.jpg,Psycholoog,,"€ 5686,-
    / € 6569,- bruto p.m.","Haarlem, Nederland"
49d9b354a3,Amstelveen,Basisarts FACT Amstelveen,https://werkenbij.ggzingeest.nl/vacatures/basisarts-fact-amstelveen-1/,https://cdn.diffuse.nl/werkenbijggzingeest/uploads/2024/06/GGZ-in-Geest-Campagne-178-scaled-e1718537941763.jpg,Arts,,"€ 4315,-
    / € 6569,- bruto p.m.","Amstelveen, Nederland"
4ca161ce6e,Haarlem,Klinisch psycholoog polikliniek persoonlijkheidsstoornissen en complex trauma,https://werkenbij.ggzingeest.nl/vacatures/klinisch-psycholoog/,https://cdn.diffuse.nl/werkenbijggzingeest/uploads/2024/06/GGZ-in-Geest-Campagne-178-scaled-e1718537941763.jpg,Psycholoog,,"€ 7454,-
    / € 9234,- bruto p.m.","Haarlem, Nederland"
abdaf86524,Regio Amsterdam-Amstelland en Zuid-Kennemerland,Ambulant verpleegkundige/begeleider FACT (Flexpool),https://werkenbij.ggzingeest.nl/vacatures/ambulant-verpleegkundigebegeleider-fact-flexpool-2/,https://cdn.diffuse.nl/werkenbijggzingeest/uploads/2024/06/GGZ-in-Geest-Campagne-178-scaled-e1718537941763.jpg,Verpleegkundige,,"€ 3798,-
    / € 5027,- bruto p.m.","Regio Amsterdam-Amstelland en Zuid-Kennemerland, Nederland"
a56de71e94,Amsterdam,Psychiater polikliniek Persoonlijkheidsstoornissen,https://werkenbij.ggzingeest.nl/vacatures/psychiater-polikliniek-persoonlijkheidsstoornissen-1/,https://cdn.diffuse.nl/werkenbijggzingeest/uploads/2024/06/GGZ-in-Geest-Campagne-178-scaled-e1718537941763.jpg,Psychiater,,"€ ,-
    € 10722,- bruto p.m.","Amsterdam, Nederland"
dffd1669c2,Haarlem,Verpleegkundige / triagist Spoedeisende Psychiatrie Kennemerland,https://werkenbij.ggzingeest.nl/vacatures/verpleegkundige-triagist-spoedeisende-psychiatrie-kennemerland/,https://cdn.diffuse.nl/werkenbijggzingeest/uploads/2024/06/GGZ-in-Geest-Campagne-178-scaled-e1718537941763.jpg,Verpleegkundige,,"€ 3380,-
    / € 5027,- bruto p.m.","Haarlem, Nederland"
61a281c6c1,Amsterdam,Flexibele psychiater klinieken,https://werkenbij.ggzingeest.nl/vacatures/flexibele-psychiater-klinieken/,https://cdn.diffuse.nl/werkenbijggzingeest/uploads/2024/06/GGZ-in-Geest-Campagne-178-scaled-e1718537941763.jpg,Psychiater,,"€ ,-
    € 10722,- bruto p.m.","Amsterdam, Nederland"
37bb8f1621,Bennebroek,GZ Psycholoog Vervolgkliniek,https://werkenbij.ggzingeest.nl/vacatures/gz-psycholoog-vervolgkliniek/,https://cdn.diffuse.nl/werkenbijggzingeest/uploads/2024/06/GGZ-in-Geest-Campagne-178-scaled-e1718537941763.jpg,Psycholoog,,"€ 5686,-
    / € 6569,- bruto p.m.","Bennebroek, Nederland"
135894e122,Amstelveen,Verpleegkundig specialist HoPE (basis GGZ),https://werkenbij.ggzingeest.nl/vacatures/verpleegkundig-specialist-hope-basis-ggz-5/,https://cdn.diffuse.nl/werkenbijggzingeest/uploads/2024/06/GGZ-in-Geest-Campagne-178-scaled-e1718537941763.jpg,Specialist,,"€ 5360,-
    / € 6569,- bruto p.m.","Amstelveen, Nederland"
3fd89ec004,Amsterdam,Ambulant verpleegkundige/begeleider FACT teams Amsterdam Nieuw-West,https://werkenbij.ggzingeest.nl/vacatures/ambulant-verpleegkundigebegeleider-fact-teams-amsterdam-nieuw-west-2-4-2/,https://cdn.diffuse.nl/werkenbijggzingeest/uploads/2024/06/GGZ-in-Geest-Campagne-178-scaled-e1718537941763.jpg,Verpleegkundige,,"€ 3231,-
    / € 5027,- bruto p.m.","Amsterdam, Nederland"
f2395fae71,Amsterdam,Klinisch Psycholoog polikliniek depressie (TOPGGz),https://werkenbij.ggzingeest.nl/vacatures/klinisch-psycholoog-polikliniek-depressie-topggz/,https://cdn.diffuse.nl/werkenbijggzingeest/uploads/2024/06/GGZ-in-Geest-Campagne-178-scaled-e1718537941763.jpg,Psycholoog,,"€ 7454,-
    / € 9234,- bruto p.m.","Amsterdam, Nederland"
6e48be0945,Amsterdam,Ambulant verpleegkundige/begeleider FACT teams Amsterdam Nieuw-West,https://werkenbij.ggzingeest.nl/vacatures/ambulant-verpleegkundigebegeleider-fact-teams-amsterdam-nieuw-west-7/,https://cdn.diffuse.nl/werkenbijggzingeest/uploads/2024/06/GGZ-in-Geest-Campagne-178-scaled-e1718537941763.jpg,Verpleegkundige,,"€ 3231,-
    / € 5027,- bruto p.m.","Amsterdam, Nederland"
e6a112e724,Amstelveen,Basisarts FACT Ouderen Amstelveen,https://werkenbij.ggzingeest.nl/vacatures/basisarts-fact-ouderen-amstelveen-1/,https://cdn.diffuse.nl/werkenbijggzingeest/uploads/2024/06/GGZ-in-Geest-Campagne-178-scaled-e1718537941763.jpg,Arts,,"€ 5027,-
    / € 6569,- bruto p.m.","Amstelveen, Nederland"
7b0e45ffdc,Amstelveen,Gz-psycholoog polikliniek Persoonlijkheidsstoornissen en complex trauma,https://werkenbij.ggzingeest.nl/vacatures/gz-psycholoog-polikliniek-persoonlijkheidsstoornissen-en-complex-trauma-3/,https://cdn.diffuse.nl/werkenbijggzingeest/uploads/2024/06/GGZ-in-Geest-Campagne-178-scaled-e1718537941763.jpg,Psycholoog,,"€ 5686,-
    / € 6569,- bruto p.m.","Amstelveen, Nederland"
17bde80b61,Amsterdam,Ervaringsdeskundige GGZ,https://werkenbij.ggzingeest.nl/vacatures/ervaringsdeskundige-ggz/,https://cdn.diffuse.nl/werkenbijggzingeest/uploads/2024/06/GGZ-in-Geest-Campagne-178-scaled-e1718537941763.jpg,Zorg,,"€ 2885,-
    / € 4478,- bruto p.m.","Amsterdam, Nederland"
334b421165,Amsterdam,Corporate recruiter,https://werkenbij.ggzingeest.nl/vacatures/corporate-recruiter-4/,https://cdn.diffuse.nl/werkenbijggzingeest/uploads/2024/06/GGZ-in-Geest-Campagne-178-scaled-e1718537941763.jpg,Zorg,,"€ 2885,-
    / € 4478,- bruto p.m.","Amsterdam, Nederland"
d299ffd368,Amstelveen,Ambulant verpleegkundige/begeleider FACT locatie Amstelveen,https://werkenbij.ggzingeest.nl/vacatures/ambulant-verpleegkundigebegeleider-fact-locatie-amstelveen/,https://cdn.diffuse.nl/werkenbijggzingeest/uploads/2024/06/GGZ-in-Geest-Campagne-178-scaled-e1718537941763.jpg,Verpleegkundige,,"€ 3231,-
    / € 5027,- bruto p.m.","Amstelveen, Nederland"
0dc7379ea5,Amsterdam,Basisarts spoedeisende psychiatrie Amsterdam-Amstelland,https://werkenbij.ggzingeest.nl/vacatures/basisarts-crisisdienst-3/,https://cdn.diffuse.nl/werkenbijggzingeest/uploads/2024/06/GGZ-in-Geest-Campagne-178-scaled-e1718537941763.jpg,Arts,,"€ 4315,-
    / € 6569,- bruto p.m.","Amsterdam, Nederland"
d173df3d31,Amstelveen,Begeleider kliniek high care Amstelveen,https://werkenbij.ggzingeest.nl/vacatures/begeleider-kliniek-high-care-amstelveen/,https://cdn.diffuse.nl/werkenbijggzingeest/uploads/2024/06/GGZ-in-Geest-Campagne-178-scaled-e1718537941763.jpg,Begeleider,,"€ 2532,-
    / € 4057,- bruto p.m.","Amstelveen, Nederland"
3498b0e289,Bennebroek,Begeleider I en II Vervolgkliniek Gesloten (nieuw team!),https://werkenbij.ggzingeest.nl/vacatures/begeleider-i-en-ii-vervolgkliniek-gesloten-nieuw-team/,https://cdn.diffuse.nl/werkenbijggzingeest/uploads/2024/06/GGZ-in-Geest-Campagne-178-scaled-e1718537941763.jpg,Begeleider,,"€ 2532,-
    / € 4057,- bruto p.m.","Bennebroek, Nederland"
6efd48beee,Amstelveen,Verpleegkundig specialist FACT Amstelland,https://werkenbij.ggzingeest.nl/vacatures/verpleegkundig-specialist-fact-amstelland/,https://cdn.diffuse.nl/werkenbijggzingeest/uploads/2024/06/GGZ-in-Geest-Campagne-178-scaled-e1718537941763.jpg,Specialist,,"€ 5360,-
    / € 6569,- bruto p.m.","Amstelveen, Nederland"
7bba53f69e,Haarlem,Psychiater Crisisdienst / IHT,https://werkenbij.ggzingeest.nl/vacatures/psychiater-crisisdienst-iht/,https://cdn.diffuse.nl/werkenbijggzingeest/uploads/2024/06/GGZ-in-Geest-Campagne-178-scaled-e1718537941763.jpg,Psychiater,,"€ ,-
    € 10722,- bruto p.m.","Haarlem, Nederland"
66efc58783,Amstelveen,Verpleegkundig specialist FACT Ouderen Amstelveen,https://werkenbij.ggzingeest.nl/vacatures/verpleegkundig-specialist-fact-ouderen-amstelveen/,https://cdn.diffuse.nl/werkenbijggzingeest/uploads/2024/06/GGZ-in-Geest-Campagne-178-scaled-e1718537941763.jpg,Specialist,,"€ 5360,-
    / € 6569,- bruto p.m.","Amstelveen, Nederland"
ac273a1f51,Bennebroek,Begeleider I en II Vervolgkliniek Open,https://werkenbij.ggzingeest.nl/vacatures/begeleider-i-en-ii-vervolgkliniek-open/,https://cdn.diffuse.nl/werkenbijggzingeest/uploads/2024/06/GGZ-in-Geest-Campagne-178-scaled-e1718537941763.jpg,Begeleider,,"€ 2532,-
    / € 4057,- bruto p.m.","Bennebroek, Nederland"
52f2cc7b67,Amsterdam,Verpleegkundig specialist FACT,https://werkenbij.ggzingeest.nl/vacatures/verpleegkundig-specialist-fact/,https://cdn.diffuse.nl/werkenbijggzingeest/uploads/2024/06/GGZ-in-Geest-Campagne-178-scaled-e1718537941763.jpg,Specialist,,"€ 5360,-
    / € 6569,- bruto p.m.","Amsterdam, Nederland"
d0474d2323,Amsterdam,Gz-psycholoog polikliniek jongvolwassenen,https://werkenbij.ggzingeest.nl/vacatures/gz-psycholoog-jovo/,https://cdn.diffuse.nl/werkenbijggzingeest/uploads/2024/06/GGZ-in-Geest-Campagne-178-scaled-e1718537941763.jpg,Psycholoog,,"€ 5686,-
    / € 6569,- bruto p.m.","Amsterdam, Nederland"
925a7c396a,Amsterdam,Hbo-verpleegkundige klinieken,https://werkenbij.ggzingeest.nl/vacatures/hboverpleegkundige-in-de-psychiatrie/,https://cdn.diffuse.nl/werkenbijggzingeest/uploads/2024/06/GGZ-in-Geest-Campagne-178-scaled-e1718537941763.jpg,Verpleegkundige,,"€ 2597,-
    / € 4478,- bruto p.m.","Amsterdam, Nederland"
9ffbefa056,Regio Amsterdam-Amstelland en Zuid-Kennemerland,Ambulant verpleegkundige I,https://werkenbij.ggzingeest.nl/vacatures/ambulant-verpleegkundige-i/,https://cdn.diffuse.nl/werkenbijggzingeest/uploads/2024/06/GGZ-in-Geest-Campagne-178-scaled-e1718537941763.jpg,Verpleegkundige,,"€ 2597,-
    / € 4057,- bruto p.m.","Regio Amsterdam-Amstelland en Zuid-Kennemerland, Nederland"
0fb29f09e2,Amsterdam,Verpleegkundige kliniek ouderen open,https://werkenbij.ggzingeest.nl/vacatures/verpleegkundige-open-kliniek-ouderen/,https://cdn.diffuse.nl/werkenbijggzingeest/uploads/2024/06/GGZ-in-Geest-Campagne-178-scaled-e1718537941763.jpg,Verpleegkundige,,"€ 2597,-
    / € 4057,- bruto p.m.","Amsterdam, Nederland"
fc1d84b03d,Bennebroek,Verpleegkundige I en II vervolgkliniek Open,https://werkenbij.ggzingeest.nl/vacatures/verpleegkundige-i-en-ii-vervolgkliniek-open/,https://cdn.diffuse.nl/werkenbijggzingeest/uploads/2024/06/GGZ-in-Geest-Campagne-178-scaled-e1718537941763.jpg,Verpleegkundige,,"€ 2532,-
    / € 4057,- bruto p.m.","Bennebroek, Nederland"
d6418e0de6,Amstelveen,Gz-psycholoog FACT Amstelland,https://werkenbij.ggzingeest.nl/vacatures/gz-psycholoog-fact-amstelland-2/,https://cdn.diffuse.nl/werkenbijggzingeest/uploads/2024/06/GGZ-in-Geest-Campagne-178-scaled-e1718537941763.jpg,Psycholoog,,"€ 5686,-
    / € 6569,- bruto p.m.","Amstelveen, Nederland"
eb756b6fb8,Amsterdam,Verpleegkundige Neuromodulatie Amsterdam,https://werkenbij.ggzingeest.nl/vacatures/verpleegkundige-neuromodulatie-amsterdam/,https://cdn.diffuse.nl/werkenbijggzingeest/uploads/2024/06/GGZ-in-Geest-Campagne-178-scaled-e1718537941763.jpg,Verpleegkundige,,"€ 3380,-
    / € 4478,- bruto p.m.","Amsterdam, Nederland"
75cca360b8,Amstelveen,GZ-psycholoog polikliniek angst en depressie,https://werkenbij.ggzingeest.nl/vacatures/gz-psycholoog-polikliniek-angst-en-depressie/,https://cdn.diffuse.nl/werkenbijggzingeest/uploads/2024/06/GGZ-in-Geest-Campagne-178-scaled-e1718537941763.jpg,Psycholoog,,"€ 5686,-
    / € 6569,- bruto p.m.","Amstelveen, Nederland"
badb00efa7,Amsterdam,GZ-Psycholoog FACT De Pijp/Rivierenbuurt,https://werkenbij.ggzingeest.nl/vacatures/gz-psycholoog-fact-de-pijprivierenbuurt/,https://cdn.diffuse.nl/werkenbijggzingeest/uploads/2024/06/GGZ-in-Geest-Campagne-178-scaled-e1718537941763.jpg,Psycholoog,,"€ 5686,-
    / € 6569,- bruto p.m.","Amsterdam, Nederland"
e7c7540d86,Amsterdam,Verpleegkundige Amsterdam Kliniek High Intensive Care,https://werkenbij.ggzingeest.nl/vacatures/verpleegkundige-amsterdam-kliniek-high-intensive-care/,https://cdn.diffuse.nl/werkenbijggzingeest/uploads/2024/06/GGZ-in-Geest-Campagne-178-scaled-e1718537941763.jpg,Verpleegkundige,,"€ 2597,-
    / € 4478,- bruto p.m.","Amsterdam, Nederland"
47a3bd4542,Bennebroek,Verpleegkundige I en II Vervolgkliniek Gesloten (nieuw team!),https://werkenbij.ggzingeest.nl/vacatures/verpleegkundige-i-en-ii-vervolgkliniek-gesloten-nieuw-team/,https://cdn.diffuse.nl/werkenbijggzingeest/uploads/2024/06/GGZ-in-Geest-Campagne-178-scaled-e1718537941763.jpg,Verpleegkundige,,"€ 2532,-
    / € 4478,- bruto p.m.","Bennebroek, Nederland"
dfe864e353,Regio Amsterdam-Amstelland en Zuid-Kennemerland,Flexibele Psychiater FACT,https://werkenbij.ggzingeest.nl/vacatures/flexibele-psychiater-fact/,https://cdn.diffuse.nl/werkenbijggzingeest/uploads/2024/06/GGZ-in-Geest-Campagne-178-scaled-e1718537941763.jpg,Psychiater,,"€ ,-
    € 10722,- bruto p.m.","Regio Amsterdam-Amstelland en Zuid-Kennemerland, Nederland"
861b3d672c,Amsterdam,GZ-psycholoog FACT Osdorp,https://werkenbij.ggzingeest.nl/vacatures/gz-psycholoog-fact-osdorp/,https://cdn.diffuse.nl/werkenbijggzingeest/uploads/2024/06/GGZ-in-Geest-Campagne-178-scaled-e1718537941763.jpg,Psycholoog,,"€ 5686,-
    / € 6569,- bruto p.m.","Amsterdam, Nederland"
74a57f7dc2,Hoofddorp,Verpleegkundig specialist HoPE Hoofddorp (basis GGZ),https://werkenbij.ggzingeest.nl/vacatures/verpleegkundig-specialist-hope-hoofddorp-basis-ggz/,https://cdn.diffuse.nl/werkenbijggzingeest/uploads/2024/06/GGZ-in-Geest-Campagne-178-scaled-e1718537941763.jpg,Specialist,,"€ 5360,-
    / € 6569,- bruto p.m.","Hoofddorp, Nederland"
38cec7f708,Hoofddorp,Psychiater FACT  Haarlemmermeer,https://werkenbij.ggzingeest.nl/vacatures/psychiater-fact-haarlemmermeer/,https://cdn.diffuse.nl/werkenbijggzingeest/uploads/2024/06/GGZ-in-Geest-Campagne-178-scaled-e1718537941763.jpg,Psychiater,,"€ ,-
    € 10722,- bruto p.m.","Hoofddorp, Nederland"
a467e94ddd,Amsterdam,Opleidingsplaats verpleegkundige niveau 4 duaal regulier,https://werkenbij.ggzingeest.nl/vacatures/opleidingsplaats-verpleegkundige-niveau-4-duaal-regulier-3/,https://cdn.diffuse.nl/werkenbijggzingeest/uploads/2024/06/GGZ-in-Geest-Campagne-178-scaled-e1718537941763.jpg,Verpleegkundige,,,"Amsterdam, Nederland"
a87a362a7f,Bennebroek,Verpleegkundig Specialist Vervolgkliniek,https://werkenbij.ggzingeest.nl/vacatures/verpleegkundig-specialist-vervolgkliniek-1/,https://cdn.diffuse.nl/werkenbijggzingeest/uploads/2024/06/GGZ-in-Geest-Campagne-178-scaled-e1718537941763.jpg,Specialist,,"€ 5360,-
    / € 6569,- bruto p.m.","Bennebroek, Nederland"
2e9001afbc,Hoofddorp,Klinisch psycholoog/psychotherapeut polikliniek bipolaire stoornissen (TOPGGz),https://werkenbij.ggzingeest.nl/vacatures/klinisch-psycholoogpsychotherapeut-polikliniek-bipolaire-stoornissen-topggz/,https://cdn.diffuse.nl/werkenbijggzingeest/uploads/2024/06/GGZ-in-Geest-Campagne-178-scaled-e1718537941763.jpg,Psycholoog,,"€ 6988,-
    / € 7735,- bruto p.m.","Hoofddorp, Nederland"
5990dba28a,Amsterdam,Psychiater MamaKits en Basis GGZ,https://werkenbij.ggzingeest.nl/vacatures/psychiater-mamakits-en-basis-ggz/,https://cdn.diffuse.nl/werkenbijggzingeest/uploads/2024/06/GGZ-in-Geest-Campagne-178-scaled-e1718537941763.jpg,Psychiater,,"€ ,-
    € 10722,- bruto p.m.","Amsterdam, Nederland"
c06b9849c6,Bennebroek,Physician Assistant Vervolgkliniek,https://werkenbij.ggzingeest.nl/vacatures/physician-assistant-vervolgkliniek/,https://cdn.diffuse.nl/werkenbijggzingeest/uploads/2024/06/GGZ-in-Geest-Campagne-178-scaled-e1718537941763.jpg,Zorg,,"€ 4272,-
    / € 6504,- bruto p.m.","Bennebroek, Nederland"
97e74bacd7,Amstelveen,Medewerker Zorgcontrol,https://werkenbij.ggzingeest.nl/vacatures/medewerker-zorgcontrol/,https://cdn.diffuse.nl/werkenbijggzingeest/uploads/2024/06/GGZ-in-Geest-Campagne-178-scaled-e1718537941763.jpg,Zorg,,"€ 2742,-
    / € 3719,- bruto p.m.","Amstelveen, Nederland"
1598812112,Amsterdam,Gz-psycholoog FACT Slotervaart,https://werkenbij.ggzingeest.nl/vacatures/gz-psycholoog-fact-slotervaart-2/,https://cdn.diffuse.nl/werkenbijggzingeest/uploads/2024/06/GGZ-in-Geest-Campagne-178-scaled-e1718537941763.jpg,Psycholoog,,"€ 5686,-
    / € 6569,- bruto p.m.","Amsterdam, Nederland"
2afae30d6f,Amsterdam,Ambulant verpleegkundige/begeleider FACT Rivierenbuurt / De Pijp,https://werkenbij.ggzingeest.nl/vacatures/ambulant-verpleegkundigebegeleider-fact-rivierenbuurt-de-pijp-1/,https://cdn.diffuse.nl/werkenbijggzingeest/uploads/2024/06/GGZ-in-Geest-Campagne-178-scaled-e1718537941763.jpg,Verpleegkundige,,"€ 3231,-
    / € 5027,- bruto p.m.","Amsterdam, Nederland"
c86e14982e,Amsterdam,Verpleegkundige woonlocatie,https://werkenbij.ggzingeest.nl/vacatures/verpleegkundige-woonlocatie-2/,https://cdn.diffuse.nl/werkenbijggzingeest/uploads/2024/06/GGZ-in-Geest-Campagne-178-scaled-e1718537941763.jpg,Verpleegkundige,,"€ 2532,-
    / € 4057,- bruto p.m.","Amsterdam, Nederland"
39b3e7e848,Hoofddorp,Verpleegkundig specialist FACT Hoofddorp,https://werkenbij.ggzingeest.nl/vacatures/verpleegkundig-specialist-fact-hoofddorp-1/,https://cdn.diffuse.nl/werkenbijggzingeest/uploads/2024/06/GGZ-in-Geest-Campagne-178-scaled-e1718537941763.jpg,Specialist,,"€ 5360,-
    / € 6569,- bruto p.m.","Hoofddorp, Nederland"
87859734fd,Amsterdam,Gz-psycholoog polikliniek ASS/ADHD,https://werkenbij.ggzingeest.nl/vacatures/gz-psycholoog-polikliniek-assadhd/,https://cdn.diffuse.nl/werkenbijggzingeest/uploads/2024/06/GGZ-in-Geest-Campagne-178-scaled-e1718537941763.jpg,Psycholoog,,"€ 5686,-
    / € 6569,- bruto p.m.","Amsterdam, Nederland"
53d99a6524,Amsterdam,Ambulant begeleider II (GGZ-Agoog) / verpleegkundige Ambit,https://werkenbij.ggzingeest.nl/vacatures/ambulant-begeleider-ii-ggz-agoog-verpleegkundige-ambit/,https://cdn.diffuse.nl/werkenbijggzingeest/uploads/2024/06/GGZ-in-Geest-Campagne-178-scaled-e1718537941763.jpg,Verpleegkundige,,"€ 3231,-
    / € 5027,- bruto p.m.","Amsterdam, Nederland"
d256b4b5fa,Amsterdam,Begeleider / Verpleegkundige Flexpool (Nacht),https://werkenbij.ggzingeest.nl/vacatures/begeleider-verpleegkundige-flexpool-nacht/,https://cdn.diffuse.nl/werkenbijggzingeest/uploads/2024/06/GGZ-in-Geest-Campagne-178-scaled-e1718537941763.jpg,Verpleegkundige,,"€ 2532,-
    / € 3719,- bruto p.m.","Amsterdam, Nederland"
b110d12512,Bennebroek,Verpleegkundige III Vervolgkliniek Open,https://werkenbij.ggzingeest.nl/vacatures/verpleegkundige-iii-vervolgkliniek-open/,https://cdn.diffuse.nl/werkenbijggzingeest/uploads/2024/06/GGZ-in-Geest-Campagne-178-scaled-e1718537941763.jpg,Verpleegkundige,,"€ 2885,-
    / € 4478,- bruto p.m.","Bennebroek, Nederland"
4993bb95cd,Amsterdam,Coördinator Inkoop & Contractmanagement,https://werkenbij.ggzingeest.nl/vacatures/coordinator-inkoop-contractmanagement/,https://cdn.diffuse.nl/werkenbijggzingeest/uploads/2024/06/GGZ-in-Geest-Campagne-178-scaled-e1718537941763.jpg,Zorg,,"€ 4315,-
    / € 5604,- bruto p.m.","Amsterdam, Nederland"
227d59e1e5,Amsterdam,Begeleider/verpleegkundige flexpool,https://werkenbij.ggzingeest.nl/vacatures/begeleiderverpleegkundige-flexpool-4/,https://cdn.diffuse.nl/werkenbijggzingeest/uploads/2024/06/GGZ-in-Geest-Campagne-178-scaled-e1718537941763.jpg,Verpleegkundige,,"€ 2532,-
    / € 3719,- bruto p.m.","Amsterdam, Nederland"
a9be3c0e98,Amsterdam,Opleidingsplaats verpleegkundige niveau 4 duaal verkort,https://werkenbij.ggzingeest.nl/vacatures/opleidingsplaats-verpleegkundige-niveau-4-duaal-verkort-1/,https://cdn.diffuse.nl/werkenbijggzingeest/uploads/2024/06/GGZ-in-Geest-Campagne-178-scaled-e1718537941763.jpg,Verpleegkundige,,,"Amsterdam, Nederland"
a141c5c95f,Hoofddorp,Gz-psycholoog polikliniek bipolaire stoornissen (TOPGGz),https://werkenbij.ggzingeest.nl/vacatures/klinisch-psycholoogpsychotherapeut-polikliniek-bipolaire-stoornissen-topggz-2/,https://cdn.diffuse.nl/werkenbijggzingeest/uploads/2024/06/GGZ-in-Geest-Campagne-178-scaled-e1718537941763.jpg,Psycholoog,,"€ 5686,-
    / € 6569,- bruto p.m.","Hoofddorp, Nederland"
e7fa1b33fa,Haarlem,Verpleegkundige kliniek high care,https://werkenbij.ggzingeest.nl/vacatures/verpleegkundige-kliniek-high-care-2-4/,https://cdn.diffuse.nl/werkenbijggzingeest/uploads/2024/06/GGZ-in-Geest-Campagne-178-scaled-e1718537941763.jpg,Verpleegkundige,,"€ 2532,-
    / € 4478,- bruto p.m.","Haarlem, Nederland"
6e134cf41c,Amsterdam,Gz-psycholoog polikliniek bipolaire stoornissen (TOPGGz),https://werkenbij.ggzingeest.nl/vacatures/gzpsycholoog-polikliniek-bipolaire-stoornissen-topggz-hoofddorp-of-amsterdam/,https://cdn.diffuse.nl/werkenbijggzingeest/uploads/2024/06/GGZ-in-Geest-Campagne-178-scaled-e1718537941763.jpg,Psycholoog,,"€ 5686,-
    / € 6569,- bruto p.m.","Amsterdam, Nederland"
ea7285d7c8,Haarlem,Verpleegkundige kliniek ouderen,https://werkenbij.ggzingeest.nl/vacatures/verpleegkundige-kliniek-ouderen-2-3/,https://cdn.diffuse.nl/werkenbijggzingeest/uploads/2024/06/GGZ-in-Geest-Campagne-178-scaled-e1718537941763.jpg,Verpleegkundige,,"€ 2532,-
    / € 4478,- bruto p.m.","Haarlem, Nederland"
069da0cb1d,Amsterdam,Gz-psycholoog polikliniek depressie (TOPGGz),https://werkenbij.ggzingeest.nl/vacatures/gz-psycholoog-polikliniek-depressie/,https://cdn.diffuse.nl/werkenbijggzingeest/uploads/2024/06/GGZ-in-Geest-Campagne-178-scaled-e1718537941763.jpg,Psycholoog,,"€ 5686,-
    / € 6569,- bruto p.m.","Amsterdam, Nederland"
e23e4d56fa,Haarlem,(Nacht-) verpleegkundige / begeleider high care,https://werkenbij.ggzingeest.nl/vacatures/nacht-verpleegkundige-begeleider-high-care/,https://cdn.diffuse.nl/werkenbijggzingeest/uploads/2024/06/GGZ-in-Geest-Campagne-178-scaled-e1718537941763.jpg,Verpleegkundige,,"€ 2532,-
    / € 4478,- bruto p.m.","Haarlem, Nederland"
0f57959cf0,Amsterdam,Verpleegkundig Specialist Polikliniek bipolaire stoornissen,https://werkenbij.ggzingeest.nl/vacatures/verpleegkundig-specialist-polikliniek-bipolaire-stoornissen/,https://cdn.diffuse.nl/werkenbijggzingeest/uploads/2024/06/GGZ-in-Geest-Campagne-178-scaled-e1718537941763.jpg,Specialist,,"€ 5360,-
    / € 6569,- bruto p.m.","Amsterdam, Nederland"
9d58365930,Amsterdam,Begeleider Amsterdam Kliniek High Intensive Care,https://werkenbij.ggzingeest.nl/vacatures/begeleider-amsterdam-kliniek-high-intensive-care-1/,https://cdn.diffuse.nl/werkenbijggzingeest/uploads/2024/06/GGZ-in-Geest-Campagne-178-scaled-e1718537941763.jpg,Begeleider,,"€ 2532,-
    / € 4057,- bruto p.m.","Amsterdam, Nederland"
2bd65ab155,Amsterdam,Ambulant Verpleegkundige Polikliniek Bipolair TOPGGz,https://werkenbij.ggzingeest.nl/vacatures/ambulant-verpleegkundige-polikliniek-bipolair-topggz/,https://cdn.diffuse.nl/werkenbijggzingeest/uploads/2024/06/GGZ-in-Geest-Campagne-178-scaled-e1718537941763.jpg,Verpleegkundige,,"€ 3231,-
    / € 5027,- bruto p.m.","Amsterdam, Nederland"
beaf05caaa,Amsterdam,Verpleegkundig specialist polikliniek Persoonlijkheidsstoornissen – Emotieregulatie VERS (sociaal psychiatrisch behandelprogramma),https://werkenbij.ggzingeest.nl/vacatures/verpleegkundig-specialist-polikliniek-persoonlijkheidsstoornissen/,https://cdn.diffuse.nl/werkenbijggzingeest/uploads/2024/06/GGZ-in-Geest-Campagne-178-scaled-e1718537941763.jpg,Specialist,,"€ 5360,-
    / € 6569,- bruto p.m.","Amsterdam, Nederland"
8d792671e2,Amsterdam,Ambulant verpleegkundige/begeleider FACT Ouderen Amsterdam Zuid,https://werkenbij.ggzingeest.nl/vacatures/ambulant-verpleegkundigebegeleider-fact-ouderen-amsterdam-zuid/,https://cdn.diffuse.nl/werkenbijggzingeest/uploads/2024/06/GGZ-in-Geest-Campagne-178-scaled-e1718537941763.jpg,Verpleegkundige,,"€ 3231,-
    / € 5027,- bruto p.m.","Amsterdam, Nederland"
c9741151d5,Haarlem,Servicemedewerker II,https://werkenbij.ggzingeest.nl/vacatures/servicemedewerker-ii/,https://cdn.diffuse.nl/werkenbijggzingeest/uploads/2024/06/GGZ-in-Geest-Campagne-178-scaled-e1718537941763.jpg,Zorg,,"€ 2348,-
    / € 3020,- bruto p.m.","Haarlem, Nederland"
3513116830,Hoofddorp,Basisarts bipolaire stoornissen,https://werkenbij.ggzingeest.nl/vacatures/basisarts-bipolaire-stoornissen-1/,https://cdn.diffuse.nl/werkenbijggzingeest/uploads/2024/06/GGZ-in-Geest-Campagne-178-scaled-e1718537941763.jpg,Arts,,"€ 4315,-
    / € 6569,- bruto p.m.","Hoofddorp, Nederland"
c7add6f777,"Amsterdam, Oldenaller",Gz-psycholoog polikliniek Ouderen,https://werkenbij.ggzingeest.nl/vacatures/gz-psycholoog-polikliniek-jongvolwassenen-2-3/,https://cdn.diffuse.nl/werkenbijggzingeest/uploads/2024/06/GGZ-in-Geest-Campagne-178-scaled-e1718537941763.jpg,Psycholoog,,"€ 568,-
    / € 6569,- bruto p.m.","Amsterdam, Oldenaller, Nederland"
ea27208ff3,Amsterdam,GZ psycholoog Ouderen Gesloten,https://werkenbij.ggzingeest.nl/vacatures/gz-psycholoog-ouderen-gesloten-1/,https://cdn.diffuse.nl/werkenbijggzingeest/uploads/2024/06/GGZ-in-Geest-Campagne-178-scaled-e1718537941763.jpg,Psycholoog,,"€ 5686,-
    / € 6569,- bruto p.m.","Amsterdam, Nederland"
f60e6fe0ad,Haarlem,Coördinerend verpleegkundige of begeleider kliniek Ouderen,https://werkenbij.ggzingeest.nl/vacatures/coordinerend-verpleegkundige-of-begeleider-kliniek-ouderen-1/,https://cdn.diffuse.nl/werkenbijggzingeest/uploads/2024/06/GGZ-in-Geest-Campagne-178-scaled-e1718537941763.jpg,Verpleegkundige,,"€ 2885,-
    / € 4478,- bruto p.m.","Haarlem, Nederland"
1fb2a22902,Amsterdam,Mbo-verpleegkundige klinieken,https://werkenbij.ggzingeest.nl/vacatures/mboverpleegkundige-psychiatrie/,https://cdn.diffuse.nl/werkenbijggzingeest/uploads/2024/06/GGZ-in-Geest-Campagne-178-scaled-e1718537941763.jpg,Verpleegkundige,,"€ 2532,-
    / € 4057,- bruto p.m.","Amsterdam, Nederland"
51173e9b8d,Haarlem,Begeleider kliniek high intensive care,https://werkenbij.ggzingeest.nl/vacatures/begeleider-kliniek-high-intensive-care-2-5/,https://cdn.diffuse.nl/werkenbijggzingeest/uploads/2024/06/GGZ-in-Geest-Campagne-178-scaled-e1718537941763.jpg,Begeleider,,"€ 2532,-
    / € 4478,- bruto p.m.","Haarlem, Nederland"
9a852ffaaf,Haarlem,(Nacht) verpleegkundige of begeleider kliniek ouderen,https://werkenbij.ggzingeest.nl/vacatures/nacht-verpleegkundige-of-begeleider-kliniek-ouderen/,https://cdn.diffuse.nl/werkenbijggzingeest/uploads/2024/06/GGZ-in-Geest-Campagne-178-scaled-e1718537941763.jpg,Verpleegkundige,,"€ 2532,-
    / € 4478,- bruto p.m.","Haarlem, Nederland"
56f92cccac,Amstelveen,Gz-psycholoog FACT Ouderen Amstelveen,https://werkenbij.ggzingeest.nl/vacatures/gz-psycholoog-fact-ouderen-amstelveen-1/,https://cdn.diffuse.nl/werkenbijggzingeest/uploads/2024/06/GGZ-in-Geest-Campagne-178-scaled-e1718537941763.jpg,Psycholoog,,"€ 5686,-
    / € 6569,- bruto p.m.","Amstelveen, Nederland"
0c2deadcd1,Amstelveen,Ambulant verpleegkundige/begeleider FACT Ouderen Amstelveen,https://werkenbij.ggzingeest.nl/vacatures/ambulant-verpleegkundigebegeleider-fact-ouderen-amstelveen-3/,https://cdn.diffuse.nl/werkenbijggzingeest/uploads/2024/06/GGZ-in-Geest-Campagne-178-scaled-e1718537941763.jpg,Verpleegkundige,,"€ 3231,-
    / € 5027,- bruto p.m.","Amstelveen, Nederland"
8ff7096b79,Bennebroek,Basisarts Vervolgkliniek,https://werkenbij.ggzingeest.nl/vacatures/basisarts-vervolgkliniek-2/,https://cdn.diffuse.nl/werkenbijggzingeest/uploads/2024/06/GGZ-in-Geest-Campagne-178-scaled-e1718537941763.jpg,Arts,,"€ 4315,-
    / € 6569,- bruto p.m.","Bennebroek, Nederland"
9090d8a641,Amsterdam,Ambulant verpleegkundige IHT,https://werkenbij.ggzingeest.nl/vacatures/ambulant-verpleegkundige-iht-2-4/,https://cdn.diffuse.nl/werkenbijggzingeest/uploads/2024/06/GGZ-in-Geest-Campagne-178-scaled-e1718537941763.jpg,Verpleegkundige,,"€ 3231,-
    / € 5027,- bruto p.m.","Amsterdam, Nederland"
20969335c0,Amsterdam,Triagist spoedeisende psychiatrie,https://werkenbij.ggzingeest.nl/vacatures/triagist-crisisdienst/,https://cdn.diffuse.nl/werkenbijggzingeest/uploads/2024/06/GGZ-in-Geest-Campagne-178-scaled-e1718537941763.jpg,Zorg,,"€ 3231,-
    / € 5027,- bruto p.m.","Amsterdam, Nederland"
00493dd4b2,Regio Amsterdam-Amstelland en Zuid-Kennemerland,Plaatsvervangend VS-opleider,https://werkenbij.ggzingeest.nl/vacatures/plaatsvervangend-vs-opleider-2/,https://cdn.diffuse.nl/werkenbijggzingeest/uploads/2024/06/GGZ-in-Geest-Campagne-178-scaled-e1718537941763.jpg,Zorg,,"€ 4977,-
    / € 6504,- bruto p.m.","Regio Amsterdam-Amstelland en Zuid-Kennemerland, Nederland"
d957fd7595,Bennebroek,Verpleegkundige vervolgkliniek,https://werkenbij.ggzingeest.nl/vacatures/verpleegkundige-vervolgkliniek-2/,https://cdn.diffuse.nl/werkenbijggzingeest/uploads/2024/06/GGZ-in-Geest-Campagne-178-scaled-e1718537941763.jpg,Verpleegkundige,,"€ 2597,-
    / € 4478,- bruto p.m.","Bennebroek, Nederland"
16619dd8e6,Bennebroek,"Nachtverpleegkundige, VIG- of Begeleider Vervolgkliniek",https://werkenbij.ggzingeest.nl/vacatures/nachtverpleegkundige-vig-of-begeleider-vervolgkliniek/,https://cdn.diffuse.nl/werkenbijggzingeest/uploads/2024/06/GGZ-in-Geest-Campagne-178-scaled-e1718537941763.jpg,Verpleegkundige,,"€ 2416,-
    / € 4478,- bruto p.m.","Bennebroek, Nederland"
b733e80c0b,Haarlem,Psychiater polikliniek persoonlijkheidsstoornissen en complex trauma,https://werkenbij.ggzingeest.nl/vacatures/klinisch-psycholoog-polikliniek-angst-en-depressie-2-3/,https://cdn.diffuse.nl/werkenbijggzingeest/uploads/2024/06/GGZ-in-Geest-Campagne-178-scaled-e1718537941763.jpg,Psychiater,,"€ ,-
    € 10722,- bruto p.m.","Haarlem, Nederland"
1251af53e2,Amsterdam,GZ-psycholoog kortdurende basis-ggz,https://werkenbij.ggzingeest.nl/vacatures/gz-psycholoog-kortdurende-basis-ggz/,https://cdn.diffuse.nl/werkenbijggzingeest/uploads/2024/06/GGZ-in-Geest-Campagne-178-scaled-e1718537941763.jpg,Psycholoog,,"€ 5686,-
    / € 6569,- bruto p.m.","Amsterdam, Nederland"
c9de051717,Amsterdam,Basisarts Amsterdam High Care,https://werkenbij.ggzingeest.nl/vacatures/basisarts-amsterdam-high-care/,https://cdn.diffuse.nl/werkenbijggzingeest/uploads/2024/06/GGZ-in-Geest-Campagne-178-scaled-e1718537941763.jpg,Arts,,"€ 5027,-
    / € 6569,- bruto p.m.","Amsterdam, Nederland"
726fd54686,Amsterdam,Psychiater High Intensive Care Kliniek,https://werkenbij.ggzingeest.nl/vacatures/psychiater-high-intensive-care-kliniek/,https://cdn.diffuse.nl/werkenbijggzingeest/uploads/2024/06/GGZ-in-Geest-Campagne-178-scaled-e1718537941763.jpg,Psychiater,,"€ ,-
    € 10722,- bruto p.m.","Amsterdam, Nederland"
d1b185c01d,Amsterdam,Opleidingsplaats verpleegkundige niveau 6 duaal verkort,https://werkenbij.ggzingeest.nl/vacatures/opleidingsplaats-verpleegkundige-niveau-6-duaal-verkort/,https://cdn.diffuse.nl/werkenbijggzingeest/uploads/2024/06/GGZ-in-Geest-Campagne-178-scaled-e1718537941763.jpg,Verpleegkundige,,,"Amsterdam, Nederland"
897f7be6fe,Amsterdam,Opleiding tot verpleegkundig specialist GGZ,https://werkenbij.ggzingeest.nl/vacatures/opleiding-tot-verpleegkundig-specialist-ggz-2-3/,https://cdn.diffuse.nl/werkenbijggzingeest/uploads/2024/06/GGZ-in-Geest-Campagne-178-scaled-e1718537941763.jpg,Specialist,,,"Amsterdam, Nederland"
c094580d9d,Amstelveen,Verpleegkundige kliniek high care Amstelveen,https://werkenbij.ggzingeest.nl/vacatures/verpleegkundige-kliniek-high-care-amstelveen-2/,https://cdn.diffuse.nl/werkenbijggzingeest/uploads/2024/06/GGZ-in-Geest-Campagne-178-scaled-e1718537941763.jpg,Verpleegkundige,,"€ 2532,-
    / € 4057,- bruto p.m.","Amstelveen, Nederland"
58908b98bd,Amstelveen,GZ-psycholoog FACT Amstelveen,https://werkenbij.ggzingeest.nl/vacatures/gz-psycholoog-fact-amstelveen-2/,https://cdn.diffuse.nl/werkenbijggzingeest/uploads/2024/06/GGZ-in-Geest-Campagne-178-scaled-e1718537941763.jpg,Psycholoog,,"€ 5686,-
    / € 6569,- bruto p.m.","Amstelveen, Nederland"
89b6d96d7f,Amsterdam,GZ / Klinisch (Neuro) Psycholoog (Zwangerschapsvervanging),https://werkenbij.ggzingeest.nl/vacatures/gz-psycholoog-ectkliniek-ouderen/,https://cdn.diffuse.nl/werkenbijggzingeest/uploads/2024/06/GGZ-in-Geest-Campagne-178-scaled-e1718537941763.jpg,Psycholoog,,"€ 5686,-
    / € 9234,- bruto p.m.","Amsterdam, Nederland"
92a71bdfa5,Amsterdam,Gz-psycholoog of Psychotherapeut Queer+ polikliniek,https://werkenbij.ggzingeest.nl/vacatures/gz-psycholoog-of-psychotherapeut-queer-polikliniek/,https://cdn.diffuse.nl/werkenbijggzingeest/uploads/2024/06/GGZ-in-Geest-Campagne-178-scaled-e1718537941763.jpg,Psycholoog,,"€ 5686,-
    / € 6569,- bruto p.m.","Amsterdam, Nederland"
becc6f3687,Amsterdam,Verpleegkundig specialist polikliniek ASS/ADHD,https://werkenbij.ggzingeest.nl/vacatures/verpleegkundig-specialist-polikliniek-assadhd-3/,https://cdn.diffuse.nl/werkenbijggzingeest/uploads/2024/06/GGZ-in-Geest-Campagne-178-scaled-e1718537941763.jpg,Specialist,,"€ 5360,-
    / € 6569,- bruto p.m.","Amsterdam, Nederland"
2add2d20b5,"Amsterdam, Oldenaller",Basisarts Polikliniek Ouderen,https://werkenbij.ggzingeest.nl/vacatures/basisarts-polikliniek-ouderen/,https://cdn.diffuse.nl/werkenbijggzingeest/uploads/2024/06/GGZ-in-Geest-Campagne-178-scaled-e1718537941763.jpg,Arts,,"€ 5027,-
    / € 6569,- bruto p.m.","Amsterdam, Oldenaller, Nederland"
e2aaac4c5a,Amsterdam,Psychiater polikliniek jongvolwassenen,https://werkenbij.ggzingeest.nl/vacatures/psychiater-polikliniek-jongvolwassenen/,https://cdn.diffuse.nl/werkenbijggzingeest/uploads/2024/06/GGZ-in-Geest-Campagne-178-scaled-e1718537941763.jpg,Psychiater,,"€ ,-
    € 10722,- bruto p.m.","Amsterdam, Nederland"
cf87ea6e13,Amsterdam,Verpleegkundig specialist polikliniek jongvolwassenen,https://werkenbij.ggzingeest.nl/vacatures/verpleegkundig-specialist-polikliniek-jongvolwassenen/,https://cdn.diffuse.nl/werkenbijggzingeest/uploads/2024/06/GGZ-in-Geest-Campagne-178-scaled-e1718537941763.jpg,Specialist,,"€ 5360,-
    / € 6569,- bruto p.m.","Amsterdam, Nederland"
53a6aceef6,Amsterdam,Verpleegkundige kliniek ouderen gesloten,https://werkenbij.ggzingeest.nl/vacatures/verpleegkundige-gesloten-kliniek-ouderen/,https://cdn.diffuse.nl/werkenbijggzingeest/uploads/2024/06/GGZ-in-Geest-Campagne-178-scaled-e1718537941763.jpg,Verpleegkundige,,"€ 2532,-
    / € 4057,- bruto p.m.","Amsterdam, Nederland"
a20fba6f11,Amstelveen,Basisarts Klinieken Amstelmere,https://werkenbij.ggzingeest.nl/vacatures/basisarts-klinieken-amstelmere/,https://cdn.diffuse.nl/werkenbijggzingeest/uploads/2024/06/GGZ-in-Geest-Campagne-178-scaled-e1718537941763.jpg,Arts,,"€ 4315,-
    / € 6569,- bruto p.m.","Amstelveen, Nederland"
796ae11221,Regio Amsterdam-Amstelland en Zuid-Kennemerland,Flexibele Verpleegkundig specialist FACT,https://werkenbij.ggzingeest.nl/vacatures/flexibele-verpleegkundig-specialist-fact/,https://cdn.diffuse.nl/werkenbijggzingeest/uploads/2024/06/GGZ-in-Geest-Campagne-178-scaled-e1718537941763.jpg,Specialist,,"€ 5360,-
    / € 6569,- bruto p.m.","Regio Amsterdam-Amstelland en Zuid-Kennemerland, Nederland"
ec9196084b,"€ 3231,-
    / € 5027,- bruto p.m.",Ambulant verpleegkundige/begeleider II voor FACT Ouderen Haarlem,https://werkenbij.ggzingeest.nl/vacatures/ambulant-verpleegkundigebegeleider-ii-voor-fact-ouderen-haarlem/,https://cdn.diffuse.nl/werkenbijggzingeest/uploads/2024/06/GGZ-in-Geest-Campagne-178-scaled-e1718537941763.jpg,Verpleegkundige,,,"€ 3231,-
    / € 5027,- bruto p.m., Nederland"
ac6d5471de,Amsterdam,Informatiemanager,https://werkenbij.ggzingeest.nl/vacatures/informatiemanager/,https://cdn.diffuse.nl/werkenbijggzingeest/uploads/2024/06/GGZ-in-Geest-Campagne-178-scaled-e1718537941763.jpg,Zorg,,"€ 4315,-
    / € 6569,- bruto p.m.","Amsterdam, Nederland"
12aab4512a,Amsterdam,Opleidingsplaats verpleegkundige niveau 6 duaal regulier,https://werkenbij.ggzingeest.nl/vacatures/opleidingsplaats-verpleegkundige-niveau-6-duaal-regulier/,https://cdn.diffuse.nl/werkenbijggzingeest/uploads/2024/06/GGZ-in-Geest-Campagne-178-scaled-e1718537941763.jpg,Verpleegkundige,,,"Amsterdam, Nederland"
acc4d70845,Amsterdam,Psychiater polikliniek ouderen open,https://werkenbij.ggzingeest.nl/vacatures/psychiater-polikliniek-ouderen-open/,https://cdn.diffuse.nl/werkenbijggzingeest/uploads/2024/06/GGZ-in-Geest-Campagne-178-scaled-e1718537941763.jpg,Psychiater,,"€ ,-
    € 10722,- bruto p.m.","Amsterdam, Nederland"
f56220ebde,Haarlem,Verpleegkundig Specialist Crisisdienst IHT,https://werkenbij.ggzingeest.nl/vacatures/verpleegkundig-specialist-crisisdienst-iht/,https://cdn.diffuse.nl/werkenbijggzingeest/uploads/2024/06/GGZ-in-Geest-Campagne-178-scaled-e1718537941763.jpg,Specialist,,"€ 5360,-
    / € 6569,- bruto p.m.","Haarlem, Nederland"
14c913322a,Amsterdam,Gz-psycholoog kortdurende basis-ggz,https://werkenbij.ggzingeest.nl/vacatures/gz-psycholoog-kortdurende-basis-ggz-3/,https://cdn.diffuse.nl/werkenbijggzingeest/uploads/2024/06/GGZ-in-Geest-Campagne-178-scaled-e1718537941763.jpg,Psycholoog,,"€ 5686,-
    / € 6569,- bruto p.m.","Amsterdam, Nederland"
278812ec67,Amstelveen,Klinisch Psycholoog Polikliniek Persoonlijkheidsstoornissen,https://werkenbij.ggzingeest.nl/vacatures/klinisch-psycholoog-polikliniek-persoonlijkheidsstoornissen-1/,https://cdn.diffuse.nl/werkenbijggzingeest/uploads/2024/06/GGZ-in-Geest-Campagne-178-scaled-e1718537941763.jpg,Psycholoog,,"€ 7454,-
    / € 9234,- bruto p.m.","Amstelveen, Nederland"
bb5b977b30,Amstelveen,Specialist ouderengeneeskunde FACT Ouderen Amstelveen,https://werkenbij.ggzingeest.nl/vacatures/specialist-ouderengeneeskunde-fact-ouderen-amstelveen/,https://cdn.diffuse.nl/werkenbijggzingeest/uploads/2024/06/GGZ-in-Geest-Campagne-178-scaled-e1718537941763.jpg,Specialist,,"€ 6648,-
    / € 9234,- bruto p.m.","Amstelveen, Nederland"
ce3d411d0b,Haarlem,Verpleegkundig Specialist HoPE (basis GGZ),https://werkenbij.ggzingeest.nl/vacatures/verpleegkundig-specialist-hope-basis-ggz-4/,https://cdn.diffuse.nl/werkenbijggzingeest/uploads/2024/06/GGZ-in-Geest-Campagne-178-scaled-e1718537941763.jpg,Specialist,,"€ 5360,-
    / € 6569,- bruto p.m.","Haarlem, Nederland"
2fd2a47aa0,Amsterdam,ICT Servicedesk Medewerker,https://werkenbij.ggzingeest.nl/vacatures/ict-servicedesk-medewerker-4/,https://cdn.diffuse.nl/werkenbijggzingeest/uploads/2024/06/GGZ-in-Geest-Campagne-178-scaled-e1718537941763.jpg,Zorg,,"€ 3020,-
    / € 4057,- bruto p.m.","Amsterdam, Nederland"
8102f48e74,Amstelveen,Klinisch psycholoog FACT teams Amstelveen-Amstelland,https://werkenbij.ggzingeest.nl/vacatures/klinisch-psycholoog-fact-amstelveen-amstelland/,https://cdn.diffuse.nl/werkenbijggzingeest/uploads/2024/06/GGZ-in-Geest-Campagne-178-scaled-e1718537941763.jpg,Psycholoog,,"€ 7454,-
    / € 9234,- bruto p.m.","Amstelveen, Nederland"
d1697eb083,Haarlem,Ambulant verpleegkundige Crisisdienst / IHT,https://werkenbij.ggzingeest.nl/vacatures/ambulant-verpleegkundige-iht-2-5/,https://cdn.diffuse.nl/werkenbijggzingeest/uploads/2024/06/GGZ-in-Geest-Campagne-178-scaled-e1718537941763.jpg,Verpleegkundige,,"€ 3231,-
    / € 5027,- bruto p.m.","Haarlem, Nederland"
1ccceadf87,Haarlem,(Nacht-) verpleegkundige / begeleider High Intensive Care,https://werkenbij.ggzingeest.nl/vacatures/nachtdienst-high-intensive-care/,https://cdn.diffuse.nl/werkenbijggzingeest/uploads/2024/06/GGZ-in-Geest-Campagne-178-scaled-e1718537941763.jpg,Verpleegkundige,,"€ 2532,-
    / € 4478,- bruto p.m.","Haarlem, Nederland"
c8c59231e2,Amsterdam,Psychiater polikliniek ASS/ADHD,https://werkenbij.ggzingeest.nl/vacatures/psychiater-polikliniek-assadhd/,https://cdn.diffuse.nl/werkenbijggzingeest/uploads/2024/06/GGZ-in-Geest-Campagne-178-scaled-e1718537941763.jpg,Psychiater,,"€ ,-
    € 10722,- bruto p.m.","Amsterdam, Nederland"
5a61dc83e3,Amsterdam,Verpleegkundig specialist polikliniek Angst en Dwang (TOPGGz),https://werkenbij.ggzingeest.nl/vacatures/verpleegkundig-specialist-polikliniek-angst-en-dwang-topggz-2/,https://cdn.diffuse.nl/werkenbijggzingeest/uploads/2024/06/GGZ-in-Geest-Campagne-178-scaled-e1718537941763.jpg,Specialist,,"€ 5360,-
    / € 6569,- bruto p.m.","Amsterdam, Nederland"
378036992b,Amsterdam,Psychiater  polikliniek Angst en Dwang,https://werkenbij.ggzingeest.nl/vacatures/psychiater-poli-angst-en-dwang/,https://cdn.diffuse.nl/werkenbijggzingeest/uploads/2024/06/GGZ-in-Geest-Campagne-178-scaled-e1718537941763.jpg,Psychiater,,"€ ,-
    € 10722,- bruto p.m.","Amsterdam, Nederland"
9ab2d6c560,Haarlem,Gz-psycholoog FACT Haarlem Centrum,https://werkenbij.ggzingeest.nl/vacatures/gz-psycholoog-fact-haarlem-centrum-3/,https://cdn.diffuse.nl/werkenbijggzingeest/uploads/2024/06/GGZ-in-Geest-Campagne-178-scaled-e1718537941763.jpg,Psycholoog,,"€ 5686,-
    / € 6569,- bruto p.m.","Haarlem, Nederland"
1ca9c24ca1,Haarlem,Verpleegkundig specialist Persoonlijkheidsstoornissen,https://werkenbij.ggzingeest.nl/vacatures/verpleegkundig-specialist-persoonlijkheidsstoornissen/,https://cdn.diffuse.nl/werkenbijggzingeest/uploads/2024/06/GGZ-in-Geest-Campagne-178-scaled-e1718537941763.jpg,Specialist,,"€ 5360,-
    / € 6569,- bruto p.m.","Haarlem, Nederland"
2f3a0773f8,Haarlem,Verpleegkundige kliniek high intensive care,https://werkenbij.ggzingeest.nl/vacatures/verpleegkundige-kliniek-high-intensive-care-2-4/,https://cdn.diffuse.nl/werkenbijggzingeest/uploads/2024/06/GGZ-in-Geest-Campagne-178-scaled-e1718537941763.jpg,Verpleegkundige,,"€ 2532,-
    / € 4478,- bruto p.m.","Haarlem, Nederland"
7cb0c75100,Amstelveen,Gz-psycholoog PTSS-5,https://werkenbij.ggzingeest.nl/vacatures/gz-psycholoog-ptss-5/,https://cdn.diffuse.nl/werkenbijggzingeest/uploads/2024/06/GGZ-in-Geest-Campagne-178-scaled-e1718537941763.jpg,Psycholoog,,"€ 5686,-
    / € 6569,- bruto p.m.","Amstelveen, Nederland"
4928ea03b8,Hoofddorp,Ambulant verpleegkundige/ begeleider polikliniek Persoonlijkheidsstoornissen,https://werkenbij.ggzingeest.nl/vacatures/ambulant-verpleegkundige-begeleider-polikliniek-persoonlijkheidsstoornissen-2/,https://cdn.diffuse.nl/werkenbijggzingeest/uploads/2024/06/GGZ-in-Geest-Campagne-178-scaled-e1718537941763.jpg,Verpleegkundige,,"€ 3231,-
    / € 5027,- bruto p.m.","Hoofddorp, Nederland"
